Variable,Importància
Any_Accident,0.02160341805105478
Number_of_Casualties,0.05395914126064065
Number_of_Vehicles,0.07921457833280471
Speed_limit,0.029857212519189786
Mes_Accident,0.07422882487457089
Dia_Accident,0.0834121191642971
Day_of_Week_,0.013996275917933194
Junction_Control_,0.008335427345240853
Junction_Detail_,0.005221349175453838
Light_Conditions_,0.008513350551084535
Carriageway_Hazards_,0.0007405989340235454
Road_Surface_Conditions_,0.006012044401501139
Road_Type_,0.005320356938484635
Urban_or_Rural_Area_,0.015629279679624325
Weather_Conditions_,0.0026130133131582463
Vehicle_Type_,0.002388417739594424
Moment_Dia_,0.01579799435965864
Police_Force_,0.005243188826132721
Local_Authority_District_,0.002097249672269026
Latitude,0.0752102160698229
Longitude,0.07459721203226327
